06e074,127.0.0.1,GET,http://localhost/esymfony/web/app_dev.php/_fragment?_path=_format%3Djson%26_locale%3Dfr%26_controller%3DEcommerceEcommerceBundle%253AEcommerce%253Arecherche,1524084102,2a688b,200
dc6da8,127.0.0.1,GET,http://localhost/esymfony/web/app_dev.php/_fragment?_path=_format%3Djson%26_locale%3Dfr%26_controller%3DEcommerceEcommerceBundle%253AEcommerce%253Acategories,1524084102,2a688b,200
9b2f47,127.0.0.1,GET,http://localhost/esymfony/web/app_dev.php/_fragment?_path=_format%3Djson%26_locale%3Dfr%26_controller%3DEcommerceEcommerceBundle%253AEcommerce%253Amenu,1524084102,2a688b,200
8e5e36,127.0.0.1,GET,http://localhost/esymfony/web/app_dev.php/_fragment?_path=_format%3Djson%26_locale%3Dfr%26_controller%3DPagesBundle%253ADefault%253Amenu,1524084102,2a688b,200
2a688b,127.0.0.1,GET,http://localhost/esymfony/web/app_dev.php/,1524084102,,200
42364e,127.0.0.1,GET,http://localhost/esymfony/web/app_dev.php/articles/1,1524084216,,200
589853,127.0.0.1,GET,http://localhost/esymfony/web/app_dev.php/articles,1524084288,25b3f4,200
25b3f4,127.0.0.1,GET,http://localhost/esymfony/web/app_dev.php/articles,1524084288,,405
5bc9e6,::1,GET,http://localhost/esymfony/web/app_dev.php/articles,1524084314,03a657,200
03a657,::1,GET,http://localhost/esymfony/web/app_dev.php/articles,1524084314,,405
45a1b5,::1,GET,http://localhost/esymfony/web/app_dev.php/articles,1524084330,3b3662,200
3b3662,::1,POST,http://localhost/esymfony/web/app_dev.php/articles,1524084330,,500
301a4d,::1,GET,http://localhost/esymfony/web/app_dev.php/articles,1524084425,3aa5c2,200
3aa5c2,::1,POST,http://localhost/esymfony/web/app_dev.php/articles,1524084425,,500
04557e,::1,GET,http://localhost/esymfony/web/app_dev.php/articles,1524084480,c42f8b,200
c42f8b,::1,POST,http://localhost/esymfony/web/app_dev.php/articles,1524084480,,500
4662f2,::1,GET,http://localhost/esymfony/web/app_dev.php/articles,1524084509,c0abe5,200
c0abe5,::1,POST,http://localhost/esymfony/web/app_dev.php/articles,1524084509,,500
a4406f,::1,GET,http://localhost/esymfony/web/app_dev.php/articles,1524084632,6a419b,200
6a419b,::1,POST,http://localhost/esymfony/web/app_dev.php/articles,1524084632,,500
5eeb4c,::1,GET,http://localhost/esymfony/web/app_dev.php/articles,1524084681,400435,200
400435,::1,POST,http://localhost/esymfony/web/app_dev.php/articles,1524084681,,500
7f21d4,::1,GET,http://localhost/esymfony/web/app_dev.php/articles,1524084731,61bd4f,200
61bd4f,::1,POST,http://localhost/esymfony/web/app_dev.php/articles,1524084731,,500
48f09d,::1,GET,http://localhost/esymfony/web/app_dev.php/articles,1524084774,2d9b37,200
2d9b37,::1,POST,http://localhost/esymfony/web/app_dev.php/articles,1524084774,,500
c4492e,::1,GET,http://localhost/esymfony/web/app_dev.php/articles,1524084827,46c203,200
46c203,::1,POST,http://localhost/esymfony/web/app_dev.php/articles,1524084827,,500
337ed2,::1,POST,http://localhost/esymfony/web/app_dev.php/articles,1524084851,,201
09f962,::1,GET,http://localhost/esymfony/web/app_dev.php/articles,1524210756,7f90d0,200
7f90d0,::1,POST,http://localhost/esymfony/web/app_dev.php/articles,1524210756,,500
90c42a,::1,GET,http://localhost/esymfony/web/app_dev.php/articles,1524210870,7ef852,200
7ef852,::1,POST,http://localhost/esymfony/web/app_dev.php/articles,1524210870,,500
a43cc5,::1,GET,http://localhost/esymfony/web/app_dev.php/articles,1524211080,867d59,200
867d59,::1,POST,http://localhost/esymfony/web/app_dev.php/articles,1524211080,,500
93dc23,::1,GET,http://localhost/esymfony/web/app_dev.php/articles,1524211771,2067f6,200
2067f6,::1,POST,http://localhost/esymfony/web/app_dev.php/articles,1524211772,,500
98debf,::1,GET,http://localhost/esymfony/web/app_dev.php/articles,1524211986,d25200,200
d25200,::1,POST,http://localhost/esymfony/web/app_dev.php/articles,1524211986,,500
0d6f82,::1,GET,http://localhost/esymfony/web/app_dev.php/articles,1524212125,e184d3,200
e184d3,::1,POST,http://localhost/esymfony/web/app_dev.php/articles,1524212125,,500
fa77d6,::1,GET,http://localhost/esymfony/web/app_dev.php/articles,1524212318,eeba0f,200
eeba0f,::1,POST,http://localhost/esymfony/web/app_dev.php/articles,1524212318,,400
ca6a67,::1,GET,http://localhost/esymfony/web/app_dev.php/articles,1524212413,f8fb90,200
f8fb90,::1,POST,http://localhost/esymfony/web/app_dev.php/articles,1524212413,,500
bd3f78,::1,GET,http://localhost/esymfony/web/app_dev.php/articles,1524212430,b3dfda,200
b3dfda,::1,POST,http://localhost/esymfony/web/app_dev.php/articles,1524212430,,500
108adf,::1,GET,http://localhost/esymfony/web/app_dev.php/articles,1524212442,3989f5,200
3989f5,::1,POST,http://localhost/esymfony/web/app_dev.php/articles,1524212442,,500
bf06f0,::1,GET,http://localhost/esymfony/web/app_dev.php/articles,1524212475,290391,200
290391,::1,POST,http://localhost/esymfony/web/app_dev.php/articles,1524212475,,400
81fd06,::1,GET,http://localhost/esymfony/web/app_dev.php/articles,1524212511,da4ae4,200
da4ae4,::1,POST,http://localhost/esymfony/web/app_dev.php/articles,1524212511,,500
78c036,::1,GET,http://localhost/esymfony/web/app_dev.php/articles,1524212628,2fd2b5,200
2fd2b5,::1,POST,http://localhost/esymfony/web/app_dev.php/articles,1524212628,,500
064cd3,::1,GET,http://localhost/esymfony/web/app_dev.php/articles,1524212861,bcc51e,200
bcc51e,::1,POST,http://localhost/esymfony/web/app_dev.php/articles,1524212861,,500
e73af3,::1,GET,http://localhost/esymfony/web/app_dev.php/articles,1524212872,f788a4,200
f788a4,::1,POST,http://localhost/esymfony/web/app_dev.php/articles,1524212872,,500
52e69b,::1,GET,http://localhost/esymfony/web/app_dev.php/articles,1524212883,726faa,200
726faa,::1,POST,http://localhost/esymfony/web/app_dev.php/articles,1524212883,,415
bcaacb,::1,GET,http://localhost/esymfony/web/app_dev.php/articles,1524212926,89c1e0,200
89c1e0,::1,POST,http://localhost/esymfony/web/app_dev.php/articles,1524212926,,500
14f8e8,::1,GET,http://localhost/esymfony/web/app_dev.php/articles,1524214588,da5da0,200
da5da0,::1,POST,http://localhost/esymfony/web/app_dev.php/articles,1524214588,,500
7c85e7,::1,GET,http://localhost/esymfony/web/app_dev.php/articles,1524214622,72a6c5,200
72a6c5,::1,POST,http://localhost/esymfony/web/app_dev.php/articles,1524214622,,404
e589e9,::1,GET,http://localhost/esymfony/web/app_dev.php/articles,1524214688,f06cd5,200
f06cd5,::1,POST,http://localhost/esymfony/web/app_dev.php/articles,1524214688,,404
384e63,::1,GET,http://localhost/esymfony/web/app_dev.php/articles,1524214738,430d3f,200
430d3f,::1,POST,http://localhost/esymfony/web/app_dev.php/articles,1524214738,,404
05c6c0,::1,GET,http://localhost/esymfony/web/app_dev.php/articles,1524214840,2ec7a5,200
2ec7a5,::1,POST,http://localhost/esymfony/web/app_dev.php/articles,1524214840,,404
6663a1,::1,GET,http://localhost/esymfony/web/app_dev.php/articles,1524214911,8339cf,200
8339cf,::1,POST,http://localhost/esymfony/web/app_dev.php/articles,1524214911,,404
c15875,::1,GET,http://localhost/esymfony/web/app_dev.php/articles,1524214916,190df4,200
190df4,::1,POST,http://localhost/esymfony/web/app_dev.php/articles,1524214916,,404
4b1f4a,::1,GET,http://localhost/esymfony/web/app_dev.php/articles,1524215106,c79242,200
c79242,::1,POST,http://localhost/esymfony/web/app_dev.php/articles,1524215106,,415
3d9ed2,::1,GET,http://localhost/esymfony/web/app_dev.php/articles,1524215641,0f2630,200
0f2630,::1,POST,http://localhost/esymfony/web/app_dev.php/articles,1524215641,,500
7cbd5d,::1,GET,http://localhost/esymfony/web/app_dev.php/articles,1524215713,eebba4,200
eebba4,::1,POST,http://localhost/esymfony/web/app_dev.php/articles,1524215713,,500
a5c54f,::1,GET,http://localhost/esymfony/web/app_dev.php/articles,1524216138,758628,200
758628,::1,POST,http://localhost/esymfony/web/app_dev.php/articles,1524216138,,500
0bb2a3,::1,GET,http://localhost/esymfony/web/app_dev.php/articles,1524216199,eaab51,200
eaab51,::1,POST,http://localhost/esymfony/web/app_dev.php/articles,1524216199,,500
099ac0,::1,GET,http://localhost/esymfony/web/app_dev.php/articles,1524217707,7e124a,200
7e124a,::1,POST,http://localhost/esymfony/web/app_dev.php/articles,1524217707,,500
440df7,::1,GET,http://localhost/esymfony/web/app_dev.php/articles,1524217850,ea7b0c,200
ea7b0c,::1,POST,http://localhost/esymfony/web/app_dev.php/articles,1524217850,,500
